name,DeviceType,address,userName,platformId,safeName,secretType,secret,Port
Operating System-MikroTik_Devices-5.5.5.10-demo1,Operating System,5.5.5.10,demo1,MikroTik_Devices,TestSafe1,password,Cyberark1,443
Website-WattBoxDevices-WebUI-6.6.6.10-demo2,Website,6.6.6.10,demo2,WattBoxDevices-WebUI,TestSafe1,password,Cyberark2,8443
Operating System-MikroTik_Devices-7.7.7.11-demo3,Operating System,7.7.7.11,demo3,MikroTik_Devices,TestSafe1,password,Cyberark3,443
Website-WattBoxDevices-WebUI-5.5.5.10-dem4,Website,5.5.5.10,dem4,WattBoxDevices-WebUI,TestSafe1,password,Cyberark4,555
