SafeName,memberName,Source,UseAccounts,RetrieveAccounts,ListAccounts,AddAccounts,UpdateAccountContent,UpdateAccountProperties,InitiateCPMAccountManagementOperations,SpecifyNextAccountContent,RenameAccounts,DeleteAccounts,UnlockAccounts,ManageSafe,ManageSafeMembers,BackupSafe,ViewAuditLog,ViewSafeMembers,RequestsAuthorizationLevel,AccessWithoutConfirmation,CreateFolders,DeleteFolders,MoveAccountsAndFolders
TestSafe1,administrator,vault,true,true,true,true,true,true,true,true,true,true,true,true,true,true,true,true,0,true,false,false,false
TestSafe1,Vault Admins,Vault Admins,true,true,true,true,true,true,true,true,true,true,true,true,true,true,true,true,0,true,true,false,true
TestSafe2,administrator,vault,true,true,true,true,true,true,true,true,true,true,true,true,true,true,true,true,0,true,false,false,false
TestSafe2,Vault Admins,Vault Admins,true,true,true,true,true,true,true,true,true,true,true,true,true,true,true,true,0,true,true,false,true
MOVESAFE1,Administrator,vault,true,true,true,true,true,true,true,true,true,true,true,true,true,true,true,true,0,true,false,false,false
MOVESAFE1,Vault Admins,vault,true,true,true,true,true,true,true,true,true,true,true,true,true,true,true,true,0,true,true,false,true
MOVESAFE2,Administrator,vault,true,true,true,true,true,true,true,true,true,true,true,true,true,true,true,true,0,true,false,false,false
MOVESAFE2,Vault Admins,vault,true,true,true,true,true,true,true,true,true,true,true,true,true,true,true,true,0,true,true,false,true
MOVESAFE3,administrator,Vault,true,true,true,true,true,true,true,true,true,true,true,true,true,true,true,true,0,true,true,true,true
MOVESAFE3,Vault Admins,Vault,true,true,true,true,true,true,true,true,true,true,true,true,true,true,true,true,0,true,false,false,false